,Date,Start,Maximum,End
0,2020/01/03,1262,1263,1264
1,2020/01/10,712,719,724
2,2020/01/10,881,885,891
3,2020/01/16,108,111,112
4,2020/01/19,1113,1115,1121
5,2020/01/24,1187,1191,1193
6,2020/01/25,431,434,438
7,2020/01/31,887,903,923
8,2020/02/07,260,261,262
9,2020/02/20,330,331,332
10,2020/02/26,1137,1143,1145
11,2020/03/04,813,814,815
12,2020/03/11,349,356,360
13,2020/03/17,1019,1021,1022
14,2020/03/23,873,876,877
15,2020/03/30,1097,1098,1099
16,2020/04/04,43,52,56
17,2020/04/04,90,98,102
18,2020/04/06,335,348,358
19,2020/04/06,502,511,518
20,2020/04/07,106,119,126
21,2020/04/09,541,572,558
22,2020/04/18,400,401,403
23,2020/04/23,940,945,950
24,2020/04/23,1030,1033,1041
25,2020/04/30,729,737,741
26,2020/05/01,870,876,880
27,2020/05/08,1200,1201,1202
28,2020/05/15,1204,1222,1238
29,2020/05/27,1084,1115,1098
30,2020/05/28,571,580,603
31,2020/05/28,613,636,627
32,2020/05/28,1407,1414,1420
33,2020/05/29,81,89,95
34,2020/05/29,161,164,176
35,2020/05/29,219,228,240
36,2020/05/29,275,282,288
37,2020/05/29,409,419,425
38,2020/05/29,433,444,448
39,2020/05/29,509,515,521
40,2020/05/29,578,586,592
41,2020/05/29,641,646,650
42,2020/05/29,661,666,671
43,2020/05/29,678,681,685
44,2020/05/29,802,825,816
45,2020/05/29,850,854,858
46,2020/05/29,858,862,867
47,2020/05/29,940,947,953
48,2020/05/29,997,1008,1015
49,2020/06/02,261,295,279
50,2020/06/02,373,379,384
51,2020/06/05,1432,1,6
52,2020/06/05,727,766,759
53,2020/06/06,613,620,627
54,2020/06/06,1147,1159,1170
55,2020/06/06,1198,1202,1207
56,2020/06/06,1218,1227,1231
57,2020/06/07,1434,1,10
58,2020/06/07,307,314,327
59,2020/06/07,1238,1247,1251
60,2020/06/07,1293,1306,1316
61,2020/06/09,181,191,198
62,2020/06/17,286,292,295
63,2020/06/27,558,559,560
64,2020/07/04,185,186,187
65,2020/07/31,1152,1153,1154
66,2020/08/01,630,640,653
67,2020/08/03,107,114,118
68,2020/08/03,199,202,206
69,2020/08/03,210,215,219
70,2020/08/03,221,223,228
71,2020/08/03,344,354,363
72,2020/08/03,462,466,470
73,2020/08/03,514,519,526
74,2020/08/04,752,760,769
75,2020/08/05,1432,1439,7
76,2020/08/06,7,15,20
77,2020/08/08,222,229,235
78,2020/08/08,958,965,972
79,2020/08/10,1427,1432,1438
80,2020/08/11,528,535,544
81,2020/08/11,992,1019,1037
82,2020/08/11,1174,1181,1187
83,2020/08/11,1405,1415,1421
84,2020/08/12,97,109,113
85,2020/08/12,118,122,128
86,2020/08/12,137,141,145
87,2020/08/12,224,231,240
88,2020/08/15,392,407,420
89,2020/08/16,311,316,321
90,2020/08/16,1032,1046,1056
91,2020/08/19,311,329,339
92,2020/08/19,339,354,359
93,2020/08/19,359,368,373
94,2020/08/19,1356,1368,1381
95,2020/08/20,383,390,397
96,2020/08/21,118,131,149
97,2020/09/03,925,926,927
98,2020/09/08,359,361,362
99,2020/09/21,46,50,55
100,2020/09/21,116,121,125
101,2020/09/21,127,133,138
102,2020/09/21,421,427,433
103,2020/09/21,524,528,532
104,2020/09/21,580,597,605
105,2020/09/21,605,618,626
106,2020/09/21,649,652,663
107,2020/09/21,744,762,772
108,2020/09/21,798,805,810
109,2020/09/21,832,838,845
110,2020/09/21,994,997,1001
111,2020/09/21,1001,1009,1013
112,2020/09/21,1171,1185,1198
113,2020/09/22,70,79,95
114,2020/09/23,740,751,772
115,2020/09/23,1193,1203,1218
116,2020/09/24,20,37,49
117,2020/09/24,484,489,498
118,2020/09/24,855,861,866
119,2020/09/24,866,873,886
120,2020/09/25,588,594,599
121,2020/09/25,913,928,941
122,2020/09/25,963,974,993
123,2020/09/25,1115,1134,1155
124,2020/09/25,1369,1376,1385
125,2020/09/26,1439,38,52
126,2020/10/05,742,744,747
127,2020/10/12,786,787,788
128,2020/10/13,665,672,680
129,2020/10/14,555,562,575
130,2020/10/14,575,579,584
131,2020/10/14,687,691,695
132,2020/10/14,697,706,718
133,2020/10/14,738,748,760
134,2020/10/14,826,834,845
135,2020/10/14,900,904,911
136,2020/10/15,239,247,252
137,2020/10/15,315,322,329
138,2020/10/16,614,620,624
139,2020/10/16,766,777,783
140,2020/10/16,897,911,916
141,2020/10/16,1225,1233,1239
142,2020/10/16,1301,1308,1312
143,2020/10/17,46,51,62
144,2020/10/18,168,172,176
145,2020/10/18,351,358,364
146,2020/10/18,793,801,806
147,2020/10/18,860,869,877
148,2020/10/18,986,996,1003
149,2020/10/18,1116,1122,1131
150,2020/10/19,279,286,292
151,2020/10/19,291,299,304
152,2020/10/19,407,414,418
153,2020/10/19,431,441,446
154,2020/10/19,446,452,459
155,2020/10/19,622,627,635
156,2020/10/20,798,809,815
157,2020/10/20,1378,1385,1389
158,2020/10/24,1245,1254,1258
159,2020/10/25,678,682,686
160,2020/10/26,262,270,276
161,2020/10/26,383,391,406
162,2020/10/26,1160,1167,1171
163,2020/10/26,1365,1372,1376
164,2020/10/26,1411,1416,1420
165,2020/10/27,142,152,159
166,2020/10/27,201,205,209
167,2020/10/27,272,282,286
168,2020/10/27,337,347,353
169,2020/10/27,371,376,381
170,2020/10/27,433,439,455
171,2020/10/27,455,460,466
172,2020/10/27,523,529,544
173,2020/10/27,577,583,588
174,2020/10/27,587,592,596
175,2020/10/27,658,663,667
176,2020/10/27,667,678,684
177,2020/10/27,766,784,791
178,2020/10/27,811,821,834
179,2020/10/27,943,954,961
180,2020/10/27,1095,1111,1116
181,2020/10/27,1116,1122,1126
182,2020/10/27,1187,1191,1196
183,2020/10/27,1295,1299,1306
184,2020/10/27,1343,1348,1352
185,2020/10/27,1352,1359,1364
186,2020/10/28,120,131,136
187,2020/10/28,186,197,202
188,2020/10/28,333,342,350
189,2020/10/28,411,422,437
190,2020/10/28,437,440,447
191,2020/10/28,503,509,521
192,2020/10/28,580,586,596
193,2020/10/28,606,612,619
194,2020/10/28,625,633,652
195,2020/10/28,851,861,867
196,2020/10/28,867,873,877
197,2020/10/28,1030,1037,1042
198,2020/10/28,1067,1076,1082
199,2020/10/28,1149,1157,1164
200,2020/10/28,1164,1171,1173
201,2020/10/28,1173,1183,1187
202,2020/10/28,1240,1254,1258
203,2020/10/28,1319,1331,1338
204,2020/10/28,1406,1410,1414
205,2020/10/28,1415,1421,1425
206,2020/10/29,1434,2,8
207,2020/10/29,45,55,64
208,2020/10/29,254,259,263
209,2020/10/29,263,271,276
210,2020/10/29,288,297,307
211,2020/10/29,330,335,346
212,2020/10/29,474,482,486
213,2020/10/29,529,535,543
214,2020/10/29,565,574,579
215,2020/10/29,579,588,596
216,2020/10/29,607,619,627
217,2020/10/29,665,672,676
218,2020/10/29,678,686,690
219,2020/10/29,690,710,727
220,2020/10/29,790,800,807
221,2020/10/29,886,891,899
222,2020/10/29,953,962,968
223,2020/10/29,1143,1151,1162
224,2020/10/29,1200,1216,1238
225,2020/10/29,1301,1307,1312
226,2020/10/29,1390,1394,1400
227,2020/10/30,6,12,16
228,2020/10/30,58,68,75
229,2020/10/30,726,734,738
230,2020/10/30,788,793,798
231,2020/10/31,919,925,933
232,2020/10/31,1368,1375,1380
233,2020/10/31,1418,1425,1432
234,2020/11/01,45,54,60
235,2020/11/01,66,72,78
236,2020/11/01,78,84,88
237,2020/11/01,97,106,114
238,2020/11/01,306,314,325
239,2020/11/01,325,332,336
240,2020/11/01,435,444,449
241,2020/11/01,727,740,760
242,2020/11/01,917,926,943
243,2020/11/01,943,951,957
244,2020/11/01,1035,1050,1060
245,2020/11/01,1141,1156,1181
246,2020/11/02,344,352,362
247,2020/11/02,794,799,803
248,2020/11/03,408,423,429
249,2020/11/03,809,814,818
250,2020/11/03,910,912,916
251,2020/11/03,1240,1252,1254
252,2020/11/03,1254,1268,1276
253,2020/11/03,1276,1280,1286
254,2020/11/04,51,57,62
255,2020/11/04,175,184,193
256,2020/11/04,193,196,201
257,2020/11/04,272,282,287
258,2020/11/04,388,395,402
259,2020/11/04,402,406,410
260,2020/11/04,492,501,505
261,2020/11/04,549,555,562
262,2020/11/04,584,590,594
263,2020/11/04,686,692,699
264,2020/11/04,699,705,714
265,2020/11/04,820,828,832
266,2020/11/04,889,893,897
267,2020/11/04,901,909,922
268,2020/11/04,1018,1031,1040
269,2020/11/04,1142,1148,1155
270,2020/11/04,1171,1174,1178
271,2020/11/04,1204,1213,1217
272,2020/11/04,1297,1303,1310
273,2020/11/04,1344,1350,1354
274,2020/11/04,1355,1360,1377
275,2020/11/05,1,22,34
276,2020/11/05,53,56,60
277,2020/11/05,115,124,131
278,2020/11/05,164,170,174
279,2020/11/05,203,209,214
280,2020/11/05,218,223,227
281,2020/11/05,240,246,250
282,2020/11/05,281,286,290
283,2020/11/05,303,313,323
284,2020/11/05,323,331,335
285,2020/11/05,366,376,382
286,2020/11/05,430,441,445
287,2020/11/05,451,459,463
288,2020/11/05,475,484,502
289,2020/11/05,532,537,543
290,2020/11/05,578,594,598
291,2020/11/05,611,620,628
292,2020/11/05,679,688,701
293,2020/11/05,733,742,746
294,2020/11/05,797,807,813
295,2020/11/05,843,847,851
296,2020/11/05,859,864,875
297,2020/11/05,963,974,978
298,2020/11/05,1062,1069,1073
299,2020/11/05,1251,1255,1261
300,2020/11/05,1291,1298,1304
301,2020/11/05,1311,1316,1320
302,2020/11/05,1338,1343,1353
303,2020/11/05,1411,1436,1
304,2020/11/06,1,5,11
305,2020/11/06,47,50,54
306,2020/11/06,60,64,68
307,2020/11/06,151,157,165
308,2020/11/06,189,201,211
309,2020/11/06,230,237,241
310,2020/11/06,283,287,291
311,2020/11/06,314,322,327
312,2020/11/06,390,398,402
313,2020/11/06,459,463,467
314,2020/11/06,484,491,502
315,2020/11/06,583,588,592
316,2020/11/06,612,615,619
317,2020/11/06,626,636,645
318,2020/11/06,706,719,735
319,2020/11/06,913,922,926
320,2020/11/06,967,974,978
321,2020/11/06,1043,1050,1057
322,2020/11/06,1060,1065,1069
323,2020/11/06,1116,1126,1133
324,2020/11/06,1171,1175,1181
325,2020/11/06,1334,1341,1346
326,2020/11/06,1382,1391,1395
327,2020/11/07,63,68,77
328,2020/11/07,97,102,107
329,2020/11/07,110,118,122
330,2020/11/07,157,167,178
331,2020/11/07,257,271,277
332,2020/11/07,358,367,372
333,2020/11/07,372,375,380
334,2020/11/07,431,438,442
335,2020/11/07,594,601,607
336,2020/11/07,714,726,728
337,2020/11/07,728,733,737
338,2020/11/07,848,857,864
339,2020/11/07,1114,1120,1130
340,2020/11/07,1213,1228,1239
341,2020/11/08,59,66,69
342,2020/11/08,69,75,79
343,2020/11/08,122,128,133
344,2020/11/08,248,256,267
345,2020/11/08,313,318,323
346,2020/11/08,713,722,727
347,2020/11/08,727,732,739
348,2020/11/08,898,906,915
349,2020/11/08,978,988,993
350,2020/11/08,993,1000,1009
351,2020/11/08,1161,1171,1181
352,2020/11/09,346,358,373
353,2020/11/09,597,605,625
354,2020/11/09,625,630,635
355,2020/11/10,658,671,683
356,2020/11/10,1176,1186,1190
357,2020/11/11,1066,1075,1091
358,2020/11/11,1116,1152,1178
359,2020/11/11,1333,1344,1351
360,2020/11/12,126,147,155
361,2020/11/12,238,253,260
362,2020/11/12,797,802,809
363,2020/11/12,968,976,989
364,2020/11/12,989,993,997
365,2020/11/13,4,13,17
366,2020/11/13,1263,1272,1277
367,2020/11/13,1430,1439,3
368,2020/11/14,99,105,109
369,2020/11/14,148,154,159
370,2020/11/14,340,344,352
371,2020/11/15,1106,1120,1131
372,2020/11/15,1348,1357,1363
373,2020/11/15,1407,1415,1419
374,2020/11/15,1430,1435,1439
375,2020/11/16,3,9,14
376,2020/11/16,128,135,140
377,2020/11/16,280,304,313
378,2020/11/16,379,393,405
379,2020/11/16,405,409,413
380,2020/11/16,1017,1026,1032
381,2020/11/19,620,625,631
382,2020/11/19,1020,1026,1034
383,2020/11/19,1238,1266,1279
384,2020/11/20,788,815,863
385,2020/11/20,971,987,1004
386,2020/11/20,1004,1023,1031
387,2020/11/20,1090,1125,1159
388,2020/11/21,352,357,366
389,2020/11/21,847,853,867
390,2020/11/21,867,879,888
391,2020/11/21,956,967,974
392,2020/11/21,1043,1051,1057
393,2020/11/22,187,194,198
394,2020/11/22,450,458,463
395,2020/11/22,499,517,539
396,2020/11/22,539,542,543
397,2020/11/22,543,561,581
398,2020/11/22,564,567,574
399,2020/11/22,862,872,877
400,2020/11/22,887,897,902
401,2020/11/22,1043,1051,1057
402,2020/11/22,1118,1127,1134
403,2020/11/22,1211,1219,1230
404,2020/11/22,1230,1233,1237
405,2020/11/22,1422,1436,8
406,2020/11/23,380,387,391
407,2020/11/23,517,521,526
408,2020/11/23,1369,1375,1379
409,2020/11/23,1379,1415,1437
410,2020/11/24,218,234,250
411,2020/11/24,250,317,333
412,2020/11/24,333,342,343
413,2020/11/24,343,366,377
414,2020/11/24,1148,1155,1172
415,2020/11/24,1200,1214,1233
416,2020/11/25,4,14,22
417,2020/11/25,22,25,30
418,2020/11/25,87,96,103
419,2020/11/25,227,242,261
420,2020/11/25,641,644,653
421,2020/11/25,799,803,807
422,2020/11/25,807,813,817
423,2020/11/25,880,888,892
424,2020/11/25,937,946,955
425,2020/11/26,38,47,57
426,2020/11/26,412,415,419
427,2020/11/26,457,465,471
428,2020/11/26,471,475,479
429,2020/11/26,762,773,787
430,2020/11/26,935,940,944
431,2020/11/26,1031,1040,1046
432,2020/11/26,1160,1283,1433
433,2020/11/27,423,433,446
434,2020/11/27,818,833,853
435,2020/11/27,1005,1019,1049
436,2020/11/27,1256,1262,1267
437,2020/11/27,1363,1370,1376
438,2020/11/28,65,69,73
439,2020/11/28,81,95,116
440,2020/11/28,377,383,404
441,2020/11/28,433,446,456
442,2020/11/28,651,657,667
443,2020/11/28,806,815,823
444,2020/11/28,1049,1058,1079
445,2020/11/28,1379,1398,1412
446,2020/11/29,50,76,108
447,2020/11/29,684,704,723
448,2020/11/29,754,791,821
449,2020/11/30,192,195,199
450,2020/11/30,306,312,316
451,2020/11/30,564,571,575
452,2020/11/30,1180,1190,1201
453,2020/12/01,60,66,72
454,2020/12/01,114,119,123
455,2020/12/01,138,162,170
456,2020/12/01,248,267,274
457,2020/12/01,348,354,364
458,2020/12/01,433,441,449
459,2020/12/01,940,952,967
460,2020/12/01,1349,1361,1370
461,2020/12/01,1391,1400,1406
462,2020/12/02,176,181,187
463,2020/12/02,377,385,389
464,2020/12/02,889,893,897
465,2020/12/02,1146,1155,1160
466,2020/12/03,105,116,123
467,2020/12/03,346,364,390
468,2020/12/03,595,600,604
469,2020/12/03,651,661,673
470,2020/12/03,902,913,923
471,2020/12/03,1169,1179,1194
472,2020/12/03,1426,1439,29
473,2020/12/04,790,799,804
474,2020/12/04,908,915,922
475,2020/12/04,1029,1037,1042
476,2020/12/04,1157,1165,1171
477,2020/12/04,1338,1349,1363
478,2020/12/05,16,38,52
479,2020/12/05,534,539,545
480,2020/12/05,680,689,696
481,2020/12/05,756,761,770
482,2020/12/05,860,871,876
483,2020/12/05,1016,1020,1024
484,2020/12/05,1056,1067,1079
485,2020/12/05,1079,1086,1095
486,2020/12/06,798,807,816
487,2020/12/06,1412,1422,1429
488,2020/12/07,69,73,78
489,2020/12/07,80,84,88
490,2020/12/07,176,183,189
491,2020/12/07,591,595,599
492,2020/12/07,869,878,897
493,2020/12/07,946,992,1053
494,2020/12/08,1301,1314,1330
495,2020/12/09,23,33,40
496,2020/12/09,40,53,63
497,2020/12/10,225,274,288
498,2020/12/10,609,622,629
499,2020/12/10,641,650,655
500,2020/12/10,655,660,661
501,2020/12/10,661,671,685
502,2020/12/10,767,777,783
503,2020/12/10,783,791,798
504,2020/12/10,903,950,984
505,2020/12/10,1085,1098,1108
506,2020/12/11,50,67,77
507,2020/12/11,231,239,245
508,2020/12/11,256,265,268
509,2020/12/11,268,294,312
510,2020/12/11,434,447,456
511,2020/12/11,528,543,553
512,2020/12/11,582,590,594
513,2020/12/11,594,599,603
514,2020/12/11,800,814,828
515,2020/12/11,926,933,938
516,2020/12/11,1075,1116,1153
517,2020/12/12,24,59,61
518,2020/12/12,61,108,124
519,2020/12/12,385,390,394
520,2020/12/12,662,670,674
521,2020/12/12,905,913,921
522,2020/12/12,1006,1079,1127
523,2020/12/12,1229,1242,1252
524,2020/12/13,197,222,249
525,2020/12/13,525,535,548
526,2020/12/13,1156,1161,1165
527,2020/12/14,132,140,146
528,2020/12/14,355,359,364
529,2020/12/14,406,417,423
530,2020/12/14,820,829,839
531,2020/12/14,849,877,896
532,2020/12/14,1097,1104,1112
533,2020/12/14,1208,1216,1238
534,2020/12/14,1241,1244,1256
535,2020/12/14,1346,1353,1357
536,2020/12/14,1393,1401,1410
537,2020/12/15,32,42,48
538,2020/12/15,59,70,80
539,2020/12/15,243,251,259
540,2020/12/15,259,265,275
541,2020/12/15,331,337,347
542,2020/12/15,350,356,365
543,2020/12/15,365,369,374
544,2020/12/15,374,379,384
545,2020/12/15,476,479,483
546,2020/12/15,1025,1034,1041
547,2020/12/15,1297,1305,1310
548,2020/12/15,1316,1327,1337
549,2020/12/16,809,819,826
550,2020/12/18,1043,1050,1056
551,2020/12/20,349,356,360
552,2020/12/21,463,470,476
553,2020/12/22,462,474,485
554,2020/12/22,604,615,625
555,2020/12/22,674,681,687
556,2020/12/22,691,699,704
557,2020/12/22,739,747,753
558,2020/12/22,956,964,969
559,2020/12/23,353,368,382
560,2020/12/23,1306,1314,1320
561,2020/12/24,77,87,94
562,2020/12/24,138,150,161
563,2020/12/24,350,359,366
564,2020/12/24,488,495,500
565,2020/12/24,1350,1360,1367
566,2020/12/25,237,244,258
567,2020/12/25,270,290,313
568,2020/12/25,867,894,915
569,2020/12/26,1195,1201,1205
570,2020/12/27,144,149,154
571,2020/12/27,689,697,702
572,2020/12/27,900,907,911
573,2020/12/28,529,541,548
574,2020/12/28,1029,1036,1040
575,2020/12/29,1252,1264,1268
576,2020/12/30,153,159,163
577,2020/12/30,255,261,265
578,2020/12/30,447,455,468
579,2020/12/30,547,553,557
580,2020/12/30,602,615,623
581,2020/12/30,629,634,636
582,2020/12/30,636,643,650
583,2020/12/30,987,991,995
584,2020/12/30,1265,1272,1279
